PROVINCIA;CIUDAD;UNIVERSIDAD;FACULTAD;CARRERA;M.POPULAR / M.ACADÉMICA;AÑO DEL ÚLTIMO PLAN DE ESTUDIOS RELEVADO;PLAN DE ESTUDIOS
Santa Fé;Santa Fé;UNL;Instituto Superior de Música;Tecnicatura en Composición Musical con Medios Electroacústicos;Académica con menciones a lo popular;2023;https://drive.google.com/file/d/1ZIRKWjeMmZLoc5A7HR_5lbV37zgyldg3/view?usp=sharing 
Santa Fé;Santa Fé;UNL;Instituto Superior de Música;Tecnicatura Universitaria en Arreglos Musicales;Popular;2022;https://drive.google.com/file/d/1qE357mADrXxamsesJk4lJZlDuEgNHvsF/view?usp=sharing 
Santa Fé;Santa Fé;UNL;Instituto Superior de Música;Licenciado en Música con orientación en Canto ;Académica;2023; https://drive.google.com/file/d/1o5RZdHKKBWc0a4Oxx33s70zbR-nwj45_/view?usp=sharing 
Santa Fé;Santa Fé;UNL;Instituto Superior de Música;Licenciado en Música con orientación en Clarinete;Académica;2023; https://drive.google.com/file/d/1yArwb_-6_t6XPC62lOBzop4QlwBw8VAS/view?usp=sharing 
Santa Fé;Santa Fé;UNL;Instituto Superior de Música;Licenciatura en Música con orientación en Composición;Académica;2023;https://drive.google.com/file/d/1k-fpPcLiK2FT3suXTlO9tyxjsuwo5AqH/view?usp=sharing 
Santa Fé;Santa Fé;UNL;Instituto Superior de Música;Licenciatura en Música con orientación en Contrabajo;Académica;2023; https://drive.google.com/file/d/1Rg_TTSDJ4NoMSOGWCd0APJnRCvzL8KMR/view?usp=sharing 
Santa Fé;Santa Fé;UNL;Instituto Superior de Música;Licenciatura en Música con orientación en Dirección coral;Académica;2023; https://drive.google.com/file/d/1pJ9sGrF8lY0WYYQ7OX_nkHAY_PzlDxMO/view?usp=sharing 
Santa Fé;Santa Fé;UNL;Instituto Superior de Música;Licenciatura en Música con orientación en Dirección Orquestal;Académica;2023; https://drive.google.com/file/d/1Lz9DQ9WqGNAXODRn1-f1MXBUmv76cb7d/view?usp=sharing 
Santa Fé;Santa Fé;UNL;Instituto Superior de Música;Licenciatura en Música con orientación en Flauta;Académica;2023; https://drive.google.com/file/d/1Y6cfyedOO3iEiBqdbNRKbZrfMrWqDTs3/view?usp=sharing 
Santa Fé;Santa Fé;UNL;Instituto Superior de Música;Licenciatura en Música con orientación en Guitarra;Académica con menciones a lo popular;2023;https://drive.google.com/file/d/1_BFMIDwbi4UEGYkjPiTYpmSf5qVxHhP3/view?usp=sharing 
Santa Fé;Santa Fé;UNL;Instituto Superior de Música;Licenciatura en Música con orientación en Percusión;Académica con menciones a lo popular;2023; https://drive.google.com/file/d/1aOPB85X5na-xeK7RRH8S8UcwTVB9JNWr/view?usp=sharing 
Santa Fé;Santa Fé;UNL;Instituto Superior de Música;Licenciatura en Música con orientación en Piano;Académica;2023; https://drive.google.com/file/d/1eR2ocTVUwnYDFXodKnGuGvZgnxvy5LM1/view?usp=sharing 
Santa Fé;Santa Fé;UNL;Instituto Superior de Música;Licenciatura en Música con orientación en Saxofón;Académica;2023; https://drive.google.com/file/d/1rpV-P0xHh0AsOp567WaHpgOvZQk7HQ3Z/view?usp=sharing 
Santa Fé;Santa Fé;UNL;Instituto Superior de Música;Licenciatura en Música con orientación en Trombón;Académica;2023; https://drive.google.com/file/d/1ZnluTH3M3yc6SGHJOewe3ySwbiOs_ga4/view?usp=sharing 
Santa Fé;Santa Fé;UNL;Instituto Superior de Música;Licenciatura en Música con orientación en Viola;Académica;2023; https://drive.google.com/file/d/1odIBacz9GiQ6qVX6lDQ5fyt4Abyg3J3p/view?usp=sharing 
Santa Fé;Santa Fé;UNL;Instituto Superior de Música;Licenciatura en Música con orientación en Violín;Académica;2023; https://drive.google.com/file/d/1bzocb9iw5jGUyWsIpMeBfI1QZjQ0-U_t/view?usp=sharing 
Santa Fé;Santa Fé;UNL;Instituto Superior de Música;Licenciatura en Música con orientación en Violonchelo;Académica;2023; https://drive.google.com/file/d/1V7CDiy8zp-Fl6HDR_tBAbIXUlNwdeoEY/view?usp=sharing 
Santa Fé;Santa Fé;UNL;Instituto Superior de Música;Licenciatura en Música Popular;Popular;2023; https://drive.google.com/file/d/1UJu4KPal29q9ewnSpK3oO1n9JK2I3Fon/view?usp=sharing 
Santa Fé;Santa Fé;UNL;Instituto Superior de Música;Profesorado de Música ;Popular con menciones a lo académico;2008; https://drive.google.com/file/d/1hcguTwu95SyE5ZM002xRT_J2deowCCZ2/view?usp=sharing 
La Rioja;La Rioja;UNLaR;Facultad de Humanidades;Licenciatura en Música;Académica;2008;https://drive.google.com/file/d/1v74SrQ98MxbmjnQZkMV67B2RfhokYwBf/view?usp=sharing
La Rioja;La Rioja;UNLaR;Facultad de Humanidades;Licenciatura en Música mención Instrumentos de orquesta;Académica;2008;https://drive.google.com/file/d/1v74SrQ98MxbmjnQZkMV67B2RfhokYwBf/view?usp=sharing
La Rioja;La Rioja;UNLaR;Facultad de Humanidades;Licenciatura en Música mención Canto;Académica;2008;https://drive.google.com/file/d/1v74SrQ98MxbmjnQZkMV67B2RfhokYwBf/view?usp=sharing
La Rioja;La Rioja;UNLaR;Facultad de Humanidades;Licenciatura en Música mención Piano o Guitarra;Académica;2008;https://drive.google.com/file/d/1v74SrQ98MxbmjnQZkMV67B2RfhokYwBf/view?usp=sharing
La Rioja;La Rioja;UNLaR;Facultad de Humanidades;Licenciatura en Música mención Composición;Académica;2008;https://drive.google.com/file/d/1v74SrQ98MxbmjnQZkMV67B2RfhokYwBf/view?usp=sharing
La Rioja;La Rioja;UNLaR;Facultad de Humanidades;Licenciatura en Música mención Dirección Coral;Académica;2008;https://drive.google.com/file/d/1v74SrQ98MxbmjnQZkMV67B2RfhokYwBf/view?usp=sharing
Santa Fé;Rosario;UNR;Facultad de Humanidades;Licenciatura en Canto Orientaciones: Canto Lírico o Canto de Cámara - Titulo intermedio: Tecnicatura en Canto;Académica;2004;https://drive.google.com/file/d/1BXZ8PGj9mJx-59AcxWjXjAD8IZFAm2ux/view?usp=drive_link
Santa Fé;Rosario;UNR;Facultad de Humanidades;Profesorado en Canto Lírico o Canto de Cámara;Académica;2004;https://drive.google.com/file/d/1BXZ8PGj9mJx-59AcxWjXjAD8IZFAm2ux/view?usp=drive_link
Santa Fé;Rosario;UNR;Facultad de Humanidades;Licenciatura en Composición - Título intermedio Tecnicatura en Armonía y contrapunto;Académica;2004;  https://drive.google.com/file/d/1BXZ8PGj9mJx-59AcxWjXjAD8IZFAm2ux/view?usp=drive_link
Santa Fé;Rosario;UNR;Facultad de Humanidades;Profesorado en Educación Musical;Académica y popular;2004;https://drive.google.com/file/d/1BXZ8PGj9mJx-59AcxWjXjAD8IZFAm2ux/view?usp=drive_link
Santa Fé;Rosario;UNR;Facultad de Humanidades;Licenciatura en Educación Musical;Académica y popular;2004; https://drive.google.com/file/d/1BXZ8PGj9mJx-59AcxWjXjAD8IZFAm2ux/view?usp=drive_link
Santa Fé;Rosario;UNR;Facultad de Humanidades;Licenciatura en Dirección Coral;Académica;2004;https://drive.google.com/file/d/1BXZ8PGj9mJx-59AcxWjXjAD8IZFAm2ux/view?usp=drive_link
Santa Fé;Rosario;UNR;Facultad de Humanidades;Profesorado en Dirección Coral;Académica;2004;https://drive.google.com/file/d/1BXZ8PGj9mJx-59AcxWjXjAD8IZFAm2ux/view?usp=drive_link
Santa Fé;Rosario;UNR;Facultad de Humanidades;Licenciatura en Órgano - Título Intermedio Tecnicatura en Órgano;Académica;2004; https://drive.google.com/file/d/1BXZ8PGj9mJx-59AcxWjXjAD8IZFAm2ux/view?usp=drive_link
Santa Fé;Rosario;UNR;Facultad de Humanidades;Profesorado en Órgano;Académica;2004; https://drive.google.com/file/d/1BXZ8PGj9mJx-59AcxWjXjAD8IZFAm2ux/view?usp=drive_link
Santa Fé;Rosario;UNR;Facultad de Humanidades;Licenciatura en Violín - Título Intermedio Tecnicatura en Violín;Académica;2004;https://drive.google.com/file/d/1BXZ8PGj9mJx-59AcxWjXjAD8IZFAm2ux/view?usp=drive_link
Santa Fé;Rosario;UNR;Facultad de Humanidades;Licenciatura en Viola - Título Intermedio Tecnicatura en Viola;Académica;2004;https://drive.google.com/file/d/1BXZ8PGj9mJx-59AcxWjXjAD8IZFAm2ux/view?usp=drive_link
Santa Fé;Rosario;UNR;Facultad de Humanidades;Licenciatura en Violonchelo - Título Intermedio Tecnicatura en Violonchelo;Académica;2004;https://drive.google.com/file/d/1BXZ8PGj9mJx-59AcxWjXjAD8IZFAm2ux/view?usp=drive_link
Santa Fé;Rosario;UNR;Facultad de Humanidades;Licenciatura en Contrabajo - Título Intermedio Tecnicatura en Contrabajo;Académica;2004;https://drive.google.com/file/d/1BXZ8PGj9mJx-59AcxWjXjAD8IZFAm2ux/view?usp=drive_link
Santa Fé;Rosario;UNR;Facultad de Humanidades;Profesorado en Cuerdas;Académica;2004;https://drive.google.com/file/d/1BXZ8PGj9mJx-59AcxWjXjAD8IZFAm2ux/view?usp=drive_link
Santa Fé;Rosario;UNR;Facultad de Humanidades;Licenciatura en Guitarra - Título Intermedio Tecnicatura en Guitarra;Académica con menciones a lo popular;2004;https://drive.google.com/file/d/1BXZ8PGj9mJx-59AcxWjXjAD8IZFAm2ux/view?usp=drive_link
Santa Fé;Rosario;UNR;Facultad de Humanidades;Profesorado en Guitarrra;Académica con menciones a lo popular;2004;https://drive.google.com/file/d/1BXZ8PGj9mJx-59AcxWjXjAD8IZFAm2ux/view?usp=drive_link
Santa Fé;Rosario;UNR;Facultad de Humanidades;Licenciatura en Piano o en Piano de Cámara - Título Intermedio Tecnicatura en Piano;Académica;2004;https://drive.google.com/file/d/1BXZ8PGj9mJx-59AcxWjXjAD8IZFAm2ux/view?usp=drive_link
Santa Fé;Rosario;UNR;Facultad de Humanidades;Profesorado en Piano;Académica;2004;https://drive.google.com/file/d/1BXZ8PGj9mJx-59AcxWjXjAD8IZFAm2ux/view?usp=drive_link
Santa Fé;Rosario;UNR;Facultad de Humanidades;Licenciatura en Flauta - Título Intermedio Tecnicatura en Flauta;Académica;2004;https://drive.google.com/file/d/1BXZ8PGj9mJx-59AcxWjXjAD8IZFAm2ux/view?usp=drive_link
Santa Fé;Rosario;UNR;Facultad de Humanidades;Licenciatura en Clarinete Título Intermedio Tecnicatura en Clarinete;Académica;2004;https://drive.google.com/file/d/1BXZ8PGj9mJx-59AcxWjXjAD8IZFAm2ux/view?usp=drive_link
Santa Fé;Rosario;UNR;Facultad de Humanidades;Licenciatura en Saxofón - Título Intermedio Tecnicatura en Saxofón;Académica;2004;https://drive.google.com/file/d/1BXZ8PGj9mJx-59AcxWjXjAD8IZFAm2ux/view?usp=drive_link
Santa Fé;Rosario;UNR;Facultad de Humanidades;Licenciatura en Fagot - Título Intermedio Tecnicatura en Fagot;Académica;2004;https://drive.google.com/file/d/1BXZ8PGj9mJx-59AcxWjXjAD8IZFAm2ux/view?usp=drive_link
Santa Fé;Rosario;UNR;Facultad de Humanidades;Licenciatura en Oboe - Título Intermedio Tecnicatura en Oboe;Académica;2004;https://drive.google.com/file/d/1BXZ8PGj9mJx-59AcxWjXjAD8IZFAm2ux/view?usp=drive_link
Santa Fé;Rosario;UNR;Facultad de Humanidades;Licenciatura en Trompeta - Título Intermedio Tecnicatura en Trompeta;Académica;2004;https://drive.google.com/file/d/1BXZ8PGj9mJx-59AcxWjXjAD8IZFAm2ux/view?usp=drive_link
Santa Fé;Rosario;UNR;Facultad de Humanidades;Licenciatura en Trombón - Título Intermedio Tecnicatura en Trombón;Académica;2004;https://drive.google.com/file/d/1BXZ8PGj9mJx-59AcxWjXjAD8IZFAm2ux/view?usp=drive_link
Santa Fé;Rosario;UNR;Facultad de Humanidades;Licenciatura en Trompa - Título Intermedio Tecnicatura en Trompa;Académica;2004;https://drive.google.com/file/d/1BXZ8PGj9mJx-59AcxWjXjAD8IZFAm2ux/view?usp=drive_link
Santa Fé;Rosario;UNR;Facultad de Humanidades;Licenciatura en Tuba - Título Intermedio Tecnicatura en Tuba;Académica;2004;https://drive.google.com/file/d/1BXZ8PGj9mJx-59AcxWjXjAD8IZFAm2ux/view?usp=drive_link
Santa Fé;Rosario;UNR;Facultad de Humanidades;Profesorado en Vientos ;Académica;2004;https://drive.google.com/file/d/1BXZ8PGj9mJx-59AcxWjXjAD8IZFAm2ux/view?usp=drive_link
Santa Fé;Rosario;UNR;Facultad de Humanidades;Profesorado en Composición;Académica;2004;https://drive.google.com/file/d/1BXZ8PGj9mJx-59AcxWjXjAD8IZFAm2ux/view?usp=drive_link
Santa Fé;Rosario;UNR;Facultad de Humanidades;Licenciatura en Tecnologías Aplicadas al Arte Sonoro;Académica;2004;https://drive.google.com/file/d/1-F7tEpLht1S2KrZfmrsXT-wEEMimQGZR/view?usp=drive_link
Santa Fé;Rosario;UNR;Facultad de Humanidades;Tecnicatura en Batería ;Académica y popular;2004;https://drive.google.com/file/d/1BXZ8PGj9mJx-59AcxWjXjAD8IZFAm2ux/view
Santa Fé;Rosario;UNR;Facultad de Humanidades;Tecnicatura en Bandoneón ;Académica y popular;2004;https://drive.google.com/file/d/1BXZ8PGj9mJx-59AcxWjXjAD8IZFAm2ux/view
Santa Fé;Rosario;UNR;Facultad de Humanidades;Tecnicatura Universitaria en Interpretación de Bajo Eléctrico ;Popular con menciones a lo académico;2021;https://drive.google.com/file/d/1BXZ8PGj9mJx-59AcxWjXjAD8IZFAm2ux/view
Santa Fé;Rosario;UNR;Facultad de Humanidades;Tecnicatura Universitaria en Interpretación de Acordeón;Popular con menciones a lo académico;2021;https://drive.google.com/file/d/1BXZ8PGj9mJx-59AcxWjXjAD8IZFAm2ux/view
Santa Fé;Rosario;UNR;Facultad de Humanidades;Tecnicatura Universitaria en Interpretación de Guitarra Eléctrica;Popular con menciones a lo académico;2021;https://drive.google.com/file/d/1BXZ8PGj9mJx-59AcxWjXjAD8IZFAm2ux/view
San Luis;San Luis;UNSL;Faculdad de Ciencias Humanas;Tecnicatura Universitaria en Producción Musical;Popular;2018;https://drive.google.com/file/d/1SMXlzh7K7_gGi98HXu89csVwY4ix6Kdu/view?usp=drive_link 
San Luis;San Luis;UNSL;Facultad de Ciencias Humanas;Profesorado Universitario en Música Popular Latinoamericana;Popular;2016;https://drive.google.com/file/d/1y5OHgCPejpVuqqXm29g2dKjLEUW3FsEW/view?usp=drive_link 
Córdoba;Villa Maria;UNVM;Instituto de Ciencias Humanas;Licenciatura en Composición Musical con Orientación en Música Popular;Popular;2005;https://drive.google.com/file/d/1_dIxQ2ZK3hOVTY5RTqUJi4ZXHjaHcEeQ/view?usp=drive_link
Córdoba;Córdoba;UNC;Facultad de Artes;"Licenciatura en Composición Musical con Orientación en Lenguajes Contemporáneos
";Académica;2010;https://artes.unc.edu.ar/files/LCM-ORIEN-LENG-CONT-RHCS_1039_2010-lic-en-composicion.pdf 
Córdoba;Córdoba;UNC;Facultad de Artes;"Licenciatura en Dirección Coral
";Académica;2013;https://artes.unc.edu.ar/files/Plan-estudios-Lic-Direccion-Coral.pdf 
Córdoba;Córdoba;UNC;Facultad de Artes;Licenciatura en Interpretación Musical (Piano);Académica;2012;https://artes.unc.edu.ar/wp-content/blogs.dir/2/files/sites/2/LIC.-INTERPRETACION-INSTRUMENTAL-RD_136_2012_organized.pdf 
Córdoba;Córdoba;UNC;Facultad de Artes;Licenciatura en Interpretación Musical (Violín);Académica;2012;https://artes.unc.edu.ar/wp-content/blogs.dir/2/files/sites/2/LIC.-INTERPRETACION-INSTRUMENTAL-RD_136_2012_organized.pdf 
Córdoba;Córdoba;UNC;Facultad de Artes;Licenciatura en Interpretación Musical (Viola);Académica;2012;https://artes.unc.edu.ar/wp-content/blogs.dir/2/files/sites/2/LIC.-INTERPRETACION-INSTRUMENTAL-RD_136_2012_organized.pdf 
Córdoba;Córdoba;UNC;Facultad de Artes;Licenciatura en Interpretación Musical (Violoncello);Académica;2012;https://artes.unc.edu.ar/wp-content/blogs.dir/2/files/sites/2/LIC.-INTERPRETACION-INSTRUMENTAL-RD_136_2012_organized.pdf 
Córdoba;Córdoba;UNC;Facultad de Artes;Profesorado  en Interpretación Musical (Piano);Académica;2011;https://artes.unc.edu.ar/wp-content/blogs.dir/2/files/sites/2/LIC.-INTERPRETACION-INSTRUMENTAL-RD_136_2012_organized.pdf
Córdoba;Córdoba;UNC;Facultad de Artes;Profesorado   en Interpretación Musical (Violín);Académica;2011;https://artes.unc.edu.ar/wp-content/blogs.dir/2/files/sites/2/LIC.-INTERPRETACION-INSTRUMENTAL-RD_136_2012_organized.pdf
Córdoba;Córdoba;UNC;Facultad de Artes;Profesorado   en Interpretación Musical (Viola);Académica;2011;https://artes.unc.edu.ar/wp-content/blogs.dir/2/files/sites/2/LIC.-INTERPRETACION-INSTRUMENTAL-RD_136_2012_organized.pdf
Córdoba;Córdoba;UNC;Facultad de Artes;Profesorado   en Interpretación Musical (Violoncello);Académica;2011;https://artes.unc.edu.ar/wp-content/blogs.dir/2/files/sites/2/LIC.-INTERPRETACION-INSTRUMENTAL-RD_136_2012_organized.pdf
Córdoba;Córdoba;UNC;Facultad de Artes;Profesorado en Educación Musical;Académica;2011;https://artes.unc.edu.ar/files/PEM-2013-RHCD_151_2013.pdf 
Córdoba;Córdoba;UNC;Facultad de Artes;"Licenciatura en Educación Musical
";Académica;2012;https://artes.unc.edu.ar/wp-content/blogs.dir/2/files/sites/2/RHCS_810_2012-Lic-en-Educ-Musical.pdf 
Mendoza;Mendoza;UNCuyo;Facultad de Arte y Diseño;Licenciatura en Violín;Académica;2010 (mod 2018);https://drive.google.com/drive/folders/1_QpyOIT9AR27L0BM6erPSPKjEdgVj8Pa?usp=sharing
Mendoza;Mendoza;UNCuyo;Facultad de Arte y Diseño;Licenciatura en Viola;Académica;2010 (mod 2018);https://drive.google.com/drive/folders/1_QpyOIT9AR27L0BM6erPSPKjEdgVj8Pa?usp=sharing
Mendoza;Mendoza;UNCuyo;Facultad de Arte y Diseño;Licenciatura en Violonchello;Académica;2010 (mod 2018);https://drive.google.com/drive/folders/1_QpyOIT9AR27L0BM6erPSPKjEdgVj8Pa?usp=sharing
Mendoza;Mendoza;UNCuyo;Facultad de Arte y Diseño;Licenciatura en Contrabajo;Académica;2010 (mod 2018);https://drive.google.com/drive/folders/1_QpyOIT9AR27L0BM6erPSPKjEdgVj8Pa?usp=sharing
Mendoza;Mendoza;UNCuyo;Facultad de Arte y Diseño;Licenciatura en Arpa;Académica;2010 (mod 2018);https://drive.google.com/drive/folders/1_QpyOIT9AR27L0BM6erPSPKjEdgVj8Pa?usp=sharing
Mendoza;Mendoza;UNCuyo;Facultad de Arte y Diseño;Licenciatura en Flauta;Académica;2010 (mod 2018);https://drive.google.com/drive/folders/1_QpyOIT9AR27L0BM6erPSPKjEdgVj8Pa?usp=sharing
Mendoza;Mendoza;UNCuyo;Facultad de Arte y Diseño;Licenciatura en Oboe;Académica;2010 (mod 2018);https://drive.google.com/drive/folders/1_QpyOIT9AR27L0BM6erPSPKjEdgVj8Pa?usp=sharing
Mendoza;Mendoza;UNCuyo;Facultad de Arte y Diseño;Licenciatura en Clarinete;Académica;2010 (mod 2018);https://drive.google.com/drive/folders/1_QpyOIT9AR27L0BM6erPSPKjEdgVj8Pa?usp=sharing
Mendoza;Mendoza;UNCuyo;Facultad de Arte y Diseño;Licenciatura en Fagot;Académica;2010 (mod 2018);https://drive.google.com/drive/folders/1_QpyOIT9AR27L0BM6erPSPKjEdgVj8Pa?usp=sharing
Mendoza;Mendoza;UNCuyo;Facultad de Arte y Diseño;Licenciatura en Trompa;Académica;2010 (mod 2018);https://drive.google.com/drive/folders/1_QpyOIT9AR27L0BM6erPSPKjEdgVj8Pa?usp=sharing
Mendoza;Mendoza;UNCuyo;Facultad de Arte y Diseño;Licenciatura en Trompeta;Académica;2010 (mod 2018);https://drive.google.com/drive/folders/1_QpyOIT9AR27L0BM6erPSPKjEdgVj8Pa?usp=sharing
Mendoza;Mendoza;UNCuyo;Facultad de Arte y Diseño;Licenciatura en Trombón;Académica;2010 (mod 2018);https://drive.google.com/drive/folders/1_QpyOIT9AR27L0BM6erPSPKjEdgVj8Pa?usp=sharing
Mendoza;Mendoza;UNCuyo;Facultad de Arte y Diseño;Licenciatura en Saxofón;Académica;2010 (mod 2018);https://drive.google.com/drive/folders/1_QpyOIT9AR27L0BM6erPSPKjEdgVj8Pa?usp=sharing
Mendoza;Mendoza;UNCuyo;Facultad de Arte y Diseño;Licenciatura en Percusión;Académica;2010 (mod 2018);https://drive.google.com/drive/folders/1_QpyOIT9AR27L0BM6erPSPKjEdgVj8Pa?usp=sharing
Mendoza;Mendoza;UNCuyo;Facultad de Arte y Diseño;Licenciatura en Piano;Académica;2010 (mod 2018);https://drive.google.com/drive/folders/1_QpyOIT9AR27L0BM6erPSPKjEdgVj8Pa?usp=sharing
Mendoza;Mendoza;UNCuyo;Facultad de Arte y Diseño;Licenciatura en Guitarra;Académica;2010 (mod 2018);https://drive.google.com/drive/folders/1_QpyOIT9AR27L0BM6erPSPKjEdgVj8Pa?usp=sharing
Mendoza;Mendoza;UNCuyo;Facultad de Arte y Diseño;Licenciatura en Órgano;Académica;2010 (mod 2018);https://drive.google.com/drive/folders/1_QpyOIT9AR27L0BM6erPSPKjEdgVj8Pa?usp=sharing
Mendoza;Mendoza;UNCuyo;Facultad de Arte y Diseño;"Licenciatura en Dirección Coral
";Académica;2010 (mod 2018);https://drive.google.com/drive/folders/1_QpyOIT9AR27L0BM6erPSPKjEdgVj8Pa?usp=sharing
Mendoza;Mendoza;UNCuyo;Facultad de Arte y Diseño;Licenciatura en Canto;Académica;2010 (mod. 2014);https://drive.google.com/drive/folders/1_QpyOIT9AR27L0BM6erPSPKjEdgVj8Pa?usp=sharing
Mendoza;Mendoza;UNCuyo;Facultad de Arte y Diseño;"Licenciatura en Composición Musical 
";Académica;2010 (mod.2014);https://drive.google.com/drive/folders/1_QpyOIT9AR27L0BM6erPSPKjEdgVj8Pa?usp=sharing
Mendoza;Mendoza;UNCuyo;Facultad de Arte y Diseño;Licenciatura en Música Popular. Orientación Guitarra.;Popular;2003;https://drive.google.com/file/d/1HKOeaS1HCcjGeHDDaMUptnRWBSmgW2do/view?usp=drive_link
Mendoza;Mendoza;UNCuyo;Facultad de Arte y Diseño;Licenciatura en Música Popular. Orientación Teclados.;Popular;2003;https://drive.google.com/file/d/1s6WY0ftzwnMh5X7bAbSsTl4NKNKOC9Ny/view?usp=drive_link
Mendoza;Mendoza;UNCuyo;Facultad de Arte y Diseño;Licenciatura en Música Popular. Orientación Percusión.;Popular;2003;https://drive.google.com/file/d/1s6WY0ftzwnMh5X7bAbSsTl4NKNKOC9Ny/view?usp=drive_link
Mendoza;Mendoza;UNCuyo;Facultad de Arte y Diseño;Licenciatura en Música Popular. Orientación Canto.;Popular;2003;https://drive.google.com/file/d/1s6WY0ftzwnMh5X7bAbSsTl4NKNKOC9Ny/view?usp=drive_link
Mendoza;Mendoza;UNCuyo;Facultad de Arte y Diseño;Licenciatura en Música Popular. Orientación Vientos.;Popular;2003;https://drive.google.com/file/d/1s6WY0ftzwnMh5X7bAbSsTl4NKNKOC9Ny/view?usp=drive_link
Mendoza;Mendoza;UNCuyo;Facultad de Arte y Diseño;Profesorado de Grado Universitario en Teorías Musicales;Académica;2005;https://drive.google.com/file/d/1Yo8CuPrRl430lOpBsj0MlOkibqBSMZMM/view?usp=drive_link 
San Juan;San Juan;UNSJ;"Facultad de Filosofía; Humanidades y Artes";Tecnicatura superior en Interpretación Musical. Orientación Arpa;Académica;2015;https://drive.google.com/file/d/1m19No6GQY8nPptudirLY8DKnJPWPm0o5/view?usp=sharing
San Juan;San Juan;UNSJ;"Facultad de Filosofía; Humanidades y Artes";Tecnicatura superior en Interpretación Musical. Orientación Flauta;Académica;2015;https://drive.google.com/file/d/1m19No6GQY8nPptudirLY8DKnJPWPm0o5/view?usp=sharing
San Juan;San Juan;UNSJ;"Facultad de Filosofía; Humanidades y Artes";Tecnicatura superior en Interpretación Musical. Orientación Oboe;Académica;2015;https://drive.google.com/file/d/1m19No6GQY8nPptudirLY8DKnJPWPm0o5/view?usp=sharing
San Juan;San Juan;UNSJ;"Facultad de Filosofía; Humanidades y Artes";Tecnicatura superior en Interpretación Musical. Orientación Clarinete;Académica;2015;https://drive.google.com/file/d/1m19No6GQY8nPptudirLY8DKnJPWPm0o5/view?usp=sharing
San Juan;San Juan;UNSJ;"Facultad de Filosofía; Humanidades y Artes";Tecnicatura superior en Interpretación Musical. Orientación Fagot;Académica;2015;https://drive.google.com/file/d/1m19No6GQY8nPptudirLY8DKnJPWPm0o5/view?usp=sharing
San Juan;San Juan;UNSJ;"Facultad de Filosofía; Humanidades y Artes";Tecnicatura superior en Interpretación Musical. Orientación Saxo;Académica;2015;https://drive.google.com/file/d/1m19No6GQY8nPptudirLY8DKnJPWPm0o5/view?usp=sharing
San Juan;San Juan;UNSJ;"Facultad de Filosofía; Humanidades y Artes";Tecnicatura superior en Interpretación Musical. Orientación Trompeta;Académica;2015;https://drive.google.com/file/d/1m19No6GQY8nPptudirLY8DKnJPWPm0o5/view?usp=sharing
San Juan;San Juan;UNSJ;"Facultad de Filosofía; Humanidades y Artes";Tecnicatura superior en Interpretación Musical. Orientación Trombón;Académica;2015;https://drive.google.com/file/d/1m19No6GQY8nPptudirLY8DKnJPWPm0o5/view?usp=sharing
San Juan;San Juan;UNSJ;"Facultad de Filosofía; Humanidades y Artes";Tecnicatura superior en Interpretación Musical. Orientación Tuba;Académica;2015;https://drive.google.com/file/d/1m19No6GQY8nPptudirLY8DKnJPWPm0o5/view?usp=sharing
San Juan;San Juan;UNSJ;"Facultad de Filosofía; Humanidades y Artes";Tecnicatura superior en Interpretación Musical. Orientación Corno;Académica;2015;https://drive.google.com/file/d/1m19No6GQY8nPptudirLY8DKnJPWPm0o5/view?usp=sharing
San Juan;San Juan;UNSJ;"Facultad de Filosofía; Humanidades y Artes";Tecnicatura superior en Interpretación Musical. Orientación Violín;Académica;2015;https://drive.google.com/file/d/1m19No6GQY8nPptudirLY8DKnJPWPm0o5/view?usp=sharing
San Juan;San Juan;UNSJ;"Facultad de Filosofía; Humanidades y Artes";Tecnicatura superior en Interpretación Musical. Orientación Viola;Académica;2015;https://drive.google.com/file/d/1m19No6GQY8nPptudirLY8DKnJPWPm0o5/view?usp=sharing
San Juan;San Juan;UNSJ;"Facultad de Filosofía; Humanidades y Artes";Tecnicatura superior en Interpretación Musical. Orientación Violoncello;Académica;2015;https://drive.google.com/file/d/1m19No6GQY8nPptudirLY8DKnJPWPm0o5/view?usp=sharing
San Juan;San Juan;UNSJ;"Facultad de Filosofía; Humanidades y Artes";Tecnicatura superior en Interpretación Musical. Orientación Contrabajo;Académica;2015;https://drive.google.com/file/d/1m19No6GQY8nPptudirLY8DKnJPWPm0o5/view?usp=sharing
San Juan;San Juan;UNSJ;"Facultad de Filosofía; Humanidades y Artes";Tecnicatura superior en Interpretación Musical. Orientación Canto;Académica;2015;https://drive.google.com/file/d/1m19No6GQY8nPptudirLY8DKnJPWPm0o5/view?usp=sharing
San Juan;San Juan;UNSJ;"Facultad de Filosofía; Humanidades y Artes";Tecnicatura superior en Interpretación Musical. Orientación Organo;Académica;2015;https://drive.google.com/file/d/1m19No6GQY8nPptudirLY8DKnJPWPm0o5/view?usp=sharing
San Juan;San Juan;UNSJ;"Facultad de Filosofía; Humanidades y Artes";Tecnicatura superior en Interpretación Musical. Orientación Percusión;Académica;2015;https://drive.google.com/file/d/1m19No6GQY8nPptudirLY8DKnJPWPm0o5/view?usp=sharing
San Juan;San Juan;UNSJ;"Facultad de Filosofía; Humanidades y Artes";Tecnicatura superior en Interpretación Musical. Orientación Piano;Académica;2015;https://drive.google.com/file/d/1m19No6GQY8nPptudirLY8DKnJPWPm0o5/view?usp=sharing
San Juan;San Juan;UNSJ;"Facultad de Filosofía; Humanidades y Artes";Tecnicatura superior en Interpretación Musical. Orientación Piano: Música de cámara y repertorio vocal;Académica;2015;https://drive.google.com/file/d/1m19No6GQY8nPptudirLY8DKnJPWPm0o5/view?usp=sharing
San Juan;San Juan;UNSJ;"Facultad de Filosofía; Humanidades y Artes";Tecnicatura superior en Interpretación Musical. Orientación Guitarra;Académica;2015;https://drive.google.com/file/d/1m19No6GQY8nPptudirLY8DKnJPWPm0o5/view?usp=sharing
San Juan;Jachal;UNSJ;"Facultad de Filosofía; Humanidades y Artes";Profesorado de Música: Orientación en Música Popular.;Popular;2015;https://drive.google.com/file/d/1m19No6GQY8nPptudirLY8DKnJPWPm0o5/view?usp=sharing
San Juan;San Juan;UNSJ;"Facultad de Filosofía; Humanidades y Artes";Licenciatura en Educación Musical;Académica con menciones a lo popular;1997;https://drive.google.com/file/d/1HmTlcYRjLWjzF3EXOed241b0WhI7Eb4l/view 
San Juan;San Juan;UNSJ;"Facultad de Filosofía; Humanidades y Artes";Profesorado en Educación Musical;Académica con menciones a lo popular;1997;https://digesto.unsj.edu.ar/admin/digesto_admin/pdf/ORD24O-2112192.pdf
San Juan;San Juan;UNSJ;"Facultad de Filosofía; Humanidades y Artes";Profesorado Universitario de Música. Orientación Arpa;Académica;2015;https://drive.google.com/file/d/1xSwPQWiTnRmmEKFHo-84HBJAhoodXP_T/view?usp=sharing
San Juan;San Juan;UNSJ;"Facultad de Filosofía; Humanidades y Artes";Profesorado Universitario de Música. Orientación Clarinete;Académica;2015;https://drive.google.com/file/d/1xSwPQWiTnRmmEKFHo-84HBJAhoodXP_T/view?usp=sharing
San Juan;San Juan;UNSJ;"Facultad de Filosofía; Humanidades y Artes";Profesorado Universitario de Música. Orientación Contrabajo;Académica;2015;https://drive.google.com/file/d/1xSwPQWiTnRmmEKFHo-84HBJAhoodXP_T/view?usp=sharing
San Juan;San Juan;UNSJ;"Facultad de Filosofía; Humanidades y Artes";Profesorado Universitario de Música. Orientación Corno;Académica;2015;https://drive.google.com/file/d/1xSwPQWiTnRmmEKFHo-84HBJAhoodXP_T/view?usp=sharing
San Juan;San Juan;UNSJ;"Facultad de Filosofía; Humanidades y Artes";Profesorado Universitario de Música. Orientación Fagot;Académica;2015;https://drive.google.com/file/d/1xSwPQWiTnRmmEKFHo-84HBJAhoodXP_T/view?usp=sharing
San Juan;San Juan;UNSJ;"Facultad de Filosofía; Humanidades y Artes";Profesorado Universitario de Música. Orientación Flauta Traversa;Académica;2015;https://drive.google.com/file/d/1xSwPQWiTnRmmEKFHo-84HBJAhoodXP_T/view?usp=sharing
San Juan;San Juan;UNSJ;"Facultad de Filosofía; Humanidades y Artes";Profesorado Universitario de Música. Orientación Guitarra;Académica;2015;https://drive.google.com/file/d/1xSwPQWiTnRmmEKFHo-84HBJAhoodXP_T/view?usp=sharing
San Juan;San Juan;UNSJ;"Facultad de Filosofía; Humanidades y Artes";Profesorado Universitario de Música. Orientación Oboe;Académica;2015;https://drive.google.com/file/d/1xSwPQWiTnRmmEKFHo-84HBJAhoodXP_T/view?usp=sharing
San Juan;San Juan;UNSJ;"Facultad de Filosofía; Humanidades y Artes";Profesorado Universitario de Música. Orientación Trombón;Académica;2015;https://drive.google.com/file/d/1xSwPQWiTnRmmEKFHo-84HBJAhoodXP_T/view?usp=sharing
San Juan;San Juan;UNSJ;"Facultad de Filosofía; Humanidades y Artes";Profesorado Universitario de Música. Orientación Trompeta;Académica;2015;https://drive.google.com/file/d/1xSwPQWiTnRmmEKFHo-84HBJAhoodXP_T/view?usp=sharing
San Juan;San Juan;UNSJ;"Facultad de Filosofía; Humanidades y Artes";Profesorado Universitario de Música. Orientación Tuba;Académica;2015;https://drive.google.com/file/d/1xSwPQWiTnRmmEKFHo-84HBJAhoodXP_T/view?usp=sharing
San Juan;San Juan;UNSJ;"Facultad de Filosofía; Humanidades y Artes";Profesorado Universitario de Música. Orientación Viola;Académica;2015;https://drive.google.com/file/d/1xSwPQWiTnRmmEKFHo-84HBJAhoodXP_T/view?usp=sharing
San Juan;San Juan;UNSJ;"Facultad de Filosofía; Humanidades y Artes";Profesorado Universitario de Música. Orientación Violín;Académica;2015;https://drive.google.com/file/d/1xSwPQWiTnRmmEKFHo-84HBJAhoodXP_T/view?usp=sharing
San Juan;San Juan;UNSJ;"Facultad de Filosofía; Humanidades y Artes";Profesorado Universitario de Música. Orientación Violonchelo;Académica;2015;https://drive.google.com/file/d/1xSwPQWiTnRmmEKFHo-84HBJAhoodXP_T/view?usp=sharing
San Juan;San Juan;UNSJ;"Facultad de Filosofía; Humanidades y Artes";Profesorado Universitario de Música. Orientación Piano;Académica;2015;https://drive.google.com/file/d/1xSwPQWiTnRmmEKFHo-84HBJAhoodXP_T/view?usp=sharing
San Juan;San Juan;UNSJ;"Facultad de Filosofía; Humanidades y Artes";Profesorado Universitario de Música. Orientación Piano - Música de Cámara y Repertorio Vocal;Académica;2015;https://drive.google.com/file/d/1xSwPQWiTnRmmEKFHo-84HBJAhoodXP_T/view?usp=sharing
San Juan;San Juan;UNSJ;"Facultad de Filosofía; Humanidades y Artes";Profesorado Universitario de Música. Orientación Canto;Académica;2015;https://drive.google.com/file/d/1xSwPQWiTnRmmEKFHo-84HBJAhoodXP_T/view?usp=sharing
San Juan;San Juan;UNSJ;"Facultad de Filosofía; Humanidades y Artes";Profesorado Universitario de Música. Orientación Órgano;Académica;2015;https://drive.google.com/file/d/1xSwPQWiTnRmmEKFHo-84HBJAhoodXP_T/view?usp=sharing
San Juan;San Juan;UNSJ;"Facultad de Filosofía; Humanidades y Artes";Profesorado Universitario de Música. Orientación Saxofón;Académica;2025;https://drive.google.com/file/d/1xSwPQWiTnRmmEKFHo-84HBJAhoodXP_T/view?usp=sharing
San Juan;San Juan;UNSJ;"Facultad de Filosofía; Humanidades y Artes";Profesorado Universitario de Música. Orientación Percusión;Académica;2015;https://drive.google.com/file/d/1xSwPQWiTnRmmEKFHo-84HBJAhoodXP_T/view?usp=sharing
Bs. As.;Caseros;UNTref;Departamento de Artes y Cultura;Licenciatura en Música;Académica;2007;https://drive.google.com/file/d/18HbW-v9mlfEGAnkYqJt1WsBl5eNA7dd9/view?usp=sharing 
Bs. As.;Caseros;UNTref;Departamento de Artes y Cultura;"Licenciatura en Música Autóctona; Clásica y Popular";Popular;2015;https://drive.google.com/file/d/16fWAGpCER2CwN_sKLo-qDjfJoG0ygThL/view?usp=drive_link 
Bs. As.;CABA;UNA;Departamento de Artes Musicales y Sonoras;"Licenciatura en Artes Musicales con Orientación en Composición - También otorga título intermedio en ""Composición"" ";Académica con menciones a lo popular;2017; https://drive.google.com/file/d/1CB8rJJfaKdd-FvzxGu9-aC-zYmq_CBYX/view?usp=sharing  
Bs. As.;CABA;UNA;Departamento de Artes Musicales y Sonoras;Licenciatura en Composición con Medios Electroacústicos;Académica;2017;https://drive.google.com/file/d/1jLlrpHpSKIJib5p4O-Bt5WH5E38Bl1ss/view?usp=drive_link 
Bs. As.;CABA;UNA;Departamento de Artes Musicales y Sonoras;Tecnicatura en Canto Coral;Académica;2023; https://drive.google.com/file/d/199LXaSHiPvv8ITwVyo_uXgYzy2qc2mRZ/view?usp=drive_link 
Bs. As.;CABA;UNA;Departamento de Artes Musicales y Sonoras;"Licenciatura en Artes Musicales con Orientación en Dirección Coral - También otorga un título de pregrado en ""Dirección Coral""";Académica;2017; https://drive.google.com/file/d/1bo4e55WOZFHU3GByHjsJSZwzxM_M6BHI/view?usp=drive_link 
Bs. As.;CABA;UNA;Área Transdepartamental de Formación Docente de la UNA;Profesorado en Artes Musicales con Orientación en Canto. ;Académica;2022;https://drive.google.com/file/d/1iBM3O_VUreoxQ1asX6s6WETdYl1ITGPa/view?usp=drive_link 
Bs. As.;CABA ;UNA;Área Transdepartamental de Formación Docente de la UNA;Profesorado en Artes Musicales con Orientación en Dirección coral;Académica;2022;https://drive.google.com/file/d/1NTtX5j0pmPnMHI_dck99lai-E1PTlbiV/view?usp=drive_link 
Bs. As.;CABA;UNA;Departamento de Artes Musicales y Sonoras;"Licenciatura en Música con orientación en Piano - También otorga título intermedio en ""Intérprete de Piano""";Académica;2017;https://drive.google.com/file/d/1JdGU6-7FKey2cLx_3xaedWthV9VBpxzC/view?usp=drive_link 
Bs. As.;CABA;UNA;Departamento de Artes Musicales y Sonoras;"Licenciatura en Música con orientación en Clave - También otorga título intermedio en ""Intérprete de Clave""";Académica;2017;https://drive.google.com/file/d/1JdGU6-7FKey2cLx_3xaedWthV9VBpxzC/view?usp=drive_link 
Bs. As.;CABA;UNA;Departamento de Artes Musicales y Sonoras;"Licenciatura en Música con orientación en Órgano - También otorga título intermedio en ""Intérprete de Órgano""";Académica;2017;https://drive.google.com/file/d/1JdGU6-7FKey2cLx_3xaedWthV9VBpxzC/view?usp=drive_link 
Bs. As.;CABA;UNA;Departamento de Artes Musicales y Sonoras;"Licenciatura en Música con orientación en Violín - También otorga título intermedio en ""Intérprete de Violín""";Académica;2017;https://drive.google.com/file/d/1JdGU6-7FKey2cLx_3xaedWthV9VBpxzC/view?usp=drive_link 
Bs. As.;CABA;UNA;Departamento de Artes Musicales y Sonoras;"Licenciatura en Música con orientación en Viola - También otorga título intermedio en ""Intérprete de Viola""";Académica;2017;https://drive.google.com/file/d/1JdGU6-7FKey2cLx_3xaedWthV9VBpxzC/view?usp=drive_link 
Bs. As.;CABA;UNA;Departamento de Artes Musicales y Sonoras;"Licenciatura en Música con orientación en Violoncello - También otorga título intermedio en ""Intérprete de Violoncello""";Académica;2017;https://drive.google.com/file/d/1JdGU6-7FKey2cLx_3xaedWthV9VBpxzC/view?usp=drive_link 
Bs. As.;CABA;UNA;Departamento de Artes Musicales y Sonoras;"Licenciatura en Música con orientación en Contrabajo - También otorga título intermedio en ""Intérprete de Contrabajo""";Académica;2017;https://drive.google.com/file/d/1JdGU6-7FKey2cLx_3xaedWthV9VBpxzC/view?usp=drive_link 
Bs. As.;CABA;UNA;Departamento de Artes Musicales y Sonoras;"Licenciatura en Música con orientación en Flauta Dulce - También otorga título intermedio en ""Intérprete de Flauta Dulce""";Académica;2017;https://drive.google.com/file/d/1JdGU6-7FKey2cLx_3xaedWthV9VBpxzC/view?usp=drive_link 
Bs. As.;CABA;UNA;Departamento de Artes Musicales y Sonoras;"Licenciatura en Música con orientación en Flauta Traversa - También otorga título intermedio en ""Intérprete de Flauta Traversa""";Académica;2017;https://drive.google.com/file/d/1JdGU6-7FKey2cLx_3xaedWthV9VBpxzC/view?usp=drive_link 
Bs. As.;CABA;UNA;Departamento de Artes Musicales y Sonoras;"Licenciatura en Música con orientación en Oboe - También otorga título intermedio en ""Intérprete de Oboe""";Académica;2017;https://drive.google.com/file/d/1JdGU6-7FKey2cLx_3xaedWthV9VBpxzC/view?usp=drive_link 
Bs. As.;CABA;UNA;Departamento de Artes Musicales y Sonoras;"Licenciatura en Música con orientación en Clarinete - También otorga título intermedio en ""Intérprete de Clarinete""";Académica;2017;https://drive.google.com/file/d/1JdGU6-7FKey2cLx_3xaedWthV9VBpxzC/view?usp=drive_link 
Bs. As.;CABA;UNA;Departamento de Artes Musicales y Sonoras;"Licenciatura en Música con orientación en Fagot - También otorga título intermedio en ""Intérprete de Fagot""";Académica;2017;https://drive.google.com/file/d/1JdGU6-7FKey2cLx_3xaedWthV9VBpxzC/view?usp=drive_link 
Bs. As.;CABA;UNA;Departamento de Artes Musicales y Sonoras;"Licenciatura en Música con orientación en Corno - También otorga título intermedio en ""Intérprete de Corno""";Académica;2017;https://drive.google.com/file/d/1JdGU6-7FKey2cLx_3xaedWthV9VBpxzC/view?usp=drive_link 
Bs. As.;CABA;UNA;Departamento de Artes Musicales y Sonoras;"Licenciatura en Música con orientación en Trompeta - También otorga título intermedio en ""Intérprete de Trompeta""";Académica;2017;https://drive.google.com/file/d/1JdGU6-7FKey2cLx_3xaedWthV9VBpxzC/view?usp=drive_link 
Bs. As.;CABA;UNA;Departamento de Artes Musicales y Sonoras;"Licenciatura en Música con orientación en Tuba - También otorga título intermedio en ""Intérprete de Tuba""";Académica;2017;https://drive.google.com/file/d/1JdGU6-7FKey2cLx_3xaedWthV9VBpxzC/view?usp=drive_link 
Bs. As.;CABA;UNA;Departamento de Artes Musicales y Sonoras;"Licenciatura en Música con orientación en Trombón - También otorga título intermedio en ""Intérprete de Trombón""";Académica;2017;https://drive.google.com/file/d/1JdGU6-7FKey2cLx_3xaedWthV9VBpxzC/view?usp=drive_link 
Bs. As.;CABA;UNA;Departamento de Artes Musicales y Sonoras;"Licenciatura en Música con orientación en Percusión - También otorga título intermedio en ""Intérprete de Percusión""";Académica;2017;https://drive.google.com/file/d/1JdGU6-7FKey2cLx_3xaedWthV9VBpxzC/view?usp=drive_link 
Bs. As.;CABA;UNA;Departamento de Artes Musicales y Sonoras;"Licenciatura en Música con orientación en Guitarra - También otorga título intermedio en ""Intérprete de Guitarra""";Académica;2017;https://drive.google.com/file/d/1JdGU6-7FKey2cLx_3xaedWthV9VBpxzC/view?usp=drive_link 
Bs. As.;CABA;UNA;Departamento de Artes Musicales y Sonoras;"Licenciatura en Música con orientación en Arpa - También otorga título intermedio en ""Intérprete de Arpa""";Académica;2017;https://drive.google.com/file/d/1JdGU6-7FKey2cLx_3xaedWthV9VBpxzC/view?usp=drive_link 
Bs. As.;CABA;UNA;Departamento de Artes Musicales y Sonoras;"Licenciatura en Música con orientación en Saxofón - También otorga título intermedio en ""Saxofón""";Académica;2017;https://drive.google.com/file/d/1JdGU6-7FKey2cLx_3xaedWthV9VBpxzC/view?usp=drive_link 
Bs. As.;CABA;UNA;Departamento de Artes Musicales y Sonoras;"Licenciatura en Música con orientación en Bandoneón - También otorga título intermedio en ""Intérprete de Bandoneón""";Académica con menciones a lo popular;2017;https://drive.google.com/file/d/1JdGU6-7FKey2cLx_3xaedWthV9VBpxzC/view?usp=drive_link 
Bs. As.;CABA;UNA;Área Transdepartamental de Folklore;Licenciatura en Folklore con mención en Instrumentos Criollos;Popular;2017;https://drive.google.com/file/d/17jdHr8DUucFLRiuoNb8pwS8GOyQwGn52/view?usp=drive_link 
Bs. As.;CABA;UNA;Área Transdepartamental de Folklore;Interpretación de Instrumentos Criollos ;Popular;2017;https://drive.google.com/file/d/1D-K_p4rhBUFA9ebxBEQUbnk18TBh3D7r/view?usp=drive_link 
Bs. As.;CABA;UNA;Área Transdepartamental de Formación Docente de la UNA;Profesorado de Artes en Música con orientación en folklore;Popular;2017;https://drive.google.com/file/d/1YjNIwpUYX8Q_ZaIRTmQqM0gju9E-KDOT/view?usp=drive_link 
Bs. As.;CABA;UNA;Área Transdepartamental de Formación Docente de la UNA;Profesorado de Artes en Música;Académica;2017;https://drive.google.com/file/d/1GR1NjDdvZLZ1VyfNkv5VdxqhCB4ZG_ez/view?usp=drive_link 
Bs. As.;CABA;UNA;Área Transdepartamental de Formación Docente de la UNA;Profesorado de Artes musicales con orientación en composición ;Académica;2022;https://drive.google.com/file/d/1WBDV7g3PVF5EJytU7E-uSkFHsMUADFMv/view?usp=drive_link 
Bs. As.;CABA;UNA;Área Transdepartamental de Formación Docente de la UNA;Profesorado de Artes Musicales con orientación en composición con medios electroacústicos ;Académica con menciones a lo popular;2022;https://drive.google.com/file/d/1VJFHBNPdKX5DCHFHhQpbObaOr_sf9M1G/view?usp=drive_link 
Bs. As.;CABA;UNA;Área Transdepartamental de Formación Docente de la UNA;"Profesorado de Artes Musicales con orientación en Piano
";Académica;2022;https://drive.google.com/file/d/1fBeAY7xUIU_bw6RPhqNOsBFzvN4v4jc8/view?usp=drive_link 
Bs. As.;CABA;UNA;Área Transdepartamental de Formación Docente de la UNA;"Profesorado de Artes Musicales con orientación en Clave
";Académica;2022;https://drive.google.com/file/d/1fBeAY7xUIU_bw6RPhqNOsBFzvN4v4jc8/view?usp=drive_link 
Bs. As.;CABA;UNA;Área Transdepartamental de Formación Docente de la UNA;"Profesorado de Artes Musicales con orientación en Órgano
";Académica;2022;https://drive.google.com/file/d/1fBeAY7xUIU_bw6RPhqNOsBFzvN4v4jc8/view?usp=drive_link 
Bs. As.;CABA;UNA;Área Transdepartamental de Formación Docente de la UNA;"Profesorado de Artes Musicales con orientación en Violín
";Académica;2022;https://drive.google.com/file/d/1fBeAY7xUIU_bw6RPhqNOsBFzvN4v4jc8/view?usp=drive_link 
Bs. As.;CABA;UNA;Área Transdepartamental de Formación Docente de la UNA;"Profesorado de Artes Musicales con orientación en Viola
";Académica;2022;https://drive.google.com/file/d/1fBeAY7xUIU_bw6RPhqNOsBFzvN4v4jc8/view?usp=drive_link 
Bs. As.;CABA;UNA;Área Transdepartamental de Formación Docente de la UNA;"Profesorado de Artes Musicales con orientación en Violoncello
";Académica;2022;https://drive.google.com/file/d/1fBeAY7xUIU_bw6RPhqNOsBFzvN4v4jc8/view?usp=drive_link 
Bs. As.;CABA;UNA;Área Transdepartamental de Formación Docente de la UNA;"Profesorado de Artes Musicales con orientación en Contrabajo
";Académica;2022;https://drive.google.com/file/d/1fBeAY7xUIU_bw6RPhqNOsBFzvN4v4jc8/view?usp=drive_link 
Bs. As.;CABA;UNA;Área Transdepartamental de Formación Docente de la UNA;"Profesorado de Artes Musicales con orientación en Flauta Dulce
";Académica;2022;https://drive.google.com/file/d/1fBeAY7xUIU_bw6RPhqNOsBFzvN4v4jc8/view?usp=drive_link 
Bs. As.;CABA;UNA;Área Transdepartamental de Formación Docente de la UNA;"Profesorado de Artes Musicales con orientación en Flauta Traversa
";Académica;2022;https://drive.google.com/file/d/1fBeAY7xUIU_bw6RPhqNOsBFzvN4v4jc8/view?usp=drive_link 
Bs. As.;CABA;UNA;Área Transdepartamental de Formación Docente de la UNA;"Profesorado de Artes Musicales con orientación en Oboe
";Académica;2022;https://drive.google.com/file/d/1fBeAY7xUIU_bw6RPhqNOsBFzvN4v4jc8/view?usp=drive_link 
Bs. As.;CABA;UNA;Área Transdepartamental de Formación Docente de la UNA;"Profesorado de Artes Musicales con orientación en Clarinete
";Académica;2022;https://drive.google.com/file/d/1fBeAY7xUIU_bw6RPhqNOsBFzvN4v4jc8/view?usp=drive_link 
Bs. As.;CABA;UNA;Área Transdepartamental de Formación Docente de la UNA;"Profesorado de Artes Musicales con orientación en Fagot
";Académica;2022;https://drive.google.com/file/d/1fBeAY7xUIU_bw6RPhqNOsBFzvN4v4jc8/view?usp=drive_link 
Bs. As.;CABA;UNA;Área Transdepartamental de Formación Docente de la UNA;"Profesorado de Artes Musicales con orientación en Corno
";Académica;2022;https://drive.google.com/file/d/1fBeAY7xUIU_bw6RPhqNOsBFzvN4v4jc8/view?usp=drive_link 
Bs. As.;CABA;UNA;Área Transdepartamental de Formación Docente de la UNA;"Profesorado de Artes Musicales con orientación en Trompeta
";Académica;2022;https://drive.google.com/file/d/1fBeAY7xUIU_bw6RPhqNOsBFzvN4v4jc8/view?usp=drive_link 
Bs. As.;CABA;UNA;Área Transdepartamental de Formación Docente de la UNA;"Profesorado de Artes Musicales con orientación en Tuba
";Académica;2022;https://drive.google.com/file/d/1fBeAY7xUIU_bw6RPhqNOsBFzvN4v4jc8/view?usp=drive_link 
Bs. As.;CABA;UNA;Área Transdepartamental de Formación Docente de la UNA;"Profesorado de Artes Musicales con orientación en Trombón
";Académica;2022;https://drive.google.com/file/d/1fBeAY7xUIU_bw6RPhqNOsBFzvN4v4jc8/view?usp=drive_link 
Bs. As.;CABA;UNA;Área Transdepartamental de Formación Docente de la UNA;"Profesorado de Artes Musicales con orientación en Percusión
";Académica;2022;https://drive.google.com/file/d/1fBeAY7xUIU_bw6RPhqNOsBFzvN4v4jc8/view?usp=drive_link 
Bs. As.;CABA;UNA;Área Transdepartamental de Formación Docente de la UNA;"Profesorado de Artes Musicales con orientación en Guitarra
";Académica;2022;https://drive.google.com/file/d/1fBeAY7xUIU_bw6RPhqNOsBFzvN4v4jc8/view?usp=drive_link 
Bs. As.;CABA;UNA;Área Transdepartamental de Formación Docente de la UNA;"Profesorado de Artes Musicales con orientación en Arpa
";Académica;2022;https://drive.google.com/file/d/1fBeAY7xUIU_bw6RPhqNOsBFzvN4v4jc8/view?usp=drive_link 
Bs. As.;CABA;UNA;Área Transdepartamental de Formación Docente de la UNA;"Profesorado de Artes Musicales con orientación en Saxofón
";Académica;2022;https://drive.google.com/file/d/1fBeAY7xUIU_bw6RPhqNOsBFzvN4v4jc8/view?usp=drive_link 
Bs. As.;CABA;UNA;Área Transdepartamental de Formación Docente de la UNA;"Profesorado de Artes Musicales con orientación en Bandoneón
";Académica con menciones a lo popular;2022;https://drive.google.com/file/d/1fBeAY7xUIU_bw6RPhqNOsBFzvN4v4jc8/view?usp=drive_link 
Bs. As.;CABA;UNA;Departamento de Artes Musicales y Sonoras;Tecnicatura en Composición de Arreglos Musicales;Académica y popular;2019;https://drive.google.com/file/d/1WbeC4f5_sjbhk1bluZQgwmWZM5JS3Zzs/view?usp=drive_link 
Bs. As.;CABA;UNA;Departamento de Artes Musicales y Sonoras;Lincenciatura en Artes Musicales con Orientación en Dirección Orquestal - También otorga título intermedio de Director Orquestal;Académica;2017;https://drive.google.com/file/d/1Ofy7X7FzFi3r0nP4Jr2SQWxcFA5IVWo2/view?usp=drive_link 
Bs. As.;CABA;UNA;Departamento de Artes Musicales y Sonoras;"Licenciatura en Música con orientación en Canto - También otorga el título intermedio de ""Interprete de canto""";Académica;2017;https://drive.google.com/file/d/1gLna8RJ-ZH6Mf9xIH59eYT_1q3Gk_Lis/view?usp=drive_link 
Bs. As.;CABA;UNA;Departamento de Artes Musicales y Sonoras;Profesorado de Artes Musicales con orientación en Dirección Orquestal;Académica;2022;https://drive.google.com/file/d/1GQ8Pevi8yHhkAnGozq8bnBk_XQaBchNz/view?usp=drive_link 
Bs. As.;Departamento San Martín;UNSam;Escuela de Arte y Patrimonio;Licenciatura en Música Argentina;Popular;2017;https://www.unsam.edu.ar/escuelas/eayp/386/artes/musica-argentina 
Bs. As.;Lanús;UNLa;Departamento de Humanidades y Arte;"""Licenciatura en Música de Cámara y Sinfónica"" - Título intermedio: ""Tecnico/a universitario/a en Interpretación Musical"" ";Académica;2020;https://drive.google.com/file/d/1nyta0VpEsiU6o5mT94v7Wqd8Up3QJOuO/view?usp=sharing 
Bs. As.;Avellaneda;UNDAV;"Departamento de Cultura; Arte y Comunicación";Tecnicatura en Dirección de Orquestas y Coros Infantiles y Juveniles;Académica;2018;https://drive.google.com/file/d/13JaQtyGtk1ExIMp829wtRIavN86UXPy3/view?usp=sharing
Bs. As.;Quilmes;UNQ;Escuela Universitaria de Artes;Licenciatura en Composición con Medios Electroacústicos;Académica;2015;https://drive.google.com/file/d/1QFjaHZ9uyGAylL5Nno7rTDmlKD9C1ZqB/view?usp=drive_link
Bs. As.;Quilmes;UNQ;Escuela Universitaria de Artes;Licenciatura en Música y Técnología;Académica;2015;https://drive.google.com/file/d/1M8Aoce2MkEC3zykI0outVWHq5PIz8R77/view
Bs. As.;Quilmes;UNQ;Escuela Universitaria de Artes;Tecnicatura Universitaria en Creación Musical;Académica;2018;https://drive.google.com/file/d/1PmVnP3L0ul2inTLIjtiS8DapBKXF2eXy/view 
Bs. As.;Quilmes;UNQ;Escuela Universitaria de Artes;Tecnicatura Universitaria en Producción Musical y Nuevas Tecnologías;Académica;2018;https://euda.unq.edu.ar/tecnicatura-universitaria-en-produccion-musical-y-nuevas-tecnologias/ 
Bs. As.;La Plata;UNLP;Facultad de Artes;Licenciatura en Música Orientación Composición;Académica con menciones a lo popular;2006 (mod 2023);https://drive.google.com/file/d/1UyPF6UslSiqVMcXahF2x39i-4ksKf0K6/view?usp=drive_link 
Bs. As.;La Plata;UNLP;Facultad de Artes;Profesorado en Música Orientación Composición;Académica con menciones a lo popular;2006 (mod 2023);https://drive.google.com/file/d/1UyPF6UslSiqVMcXahF2x39i-4ksKf0K6/view?usp=drive_link 
Bs. As.;La Plata;UNLP;Facultad de Artes;Licenciatura en Música Orientación Dirección Coral;Académica con menciones a lo popular;2006 (mod 2023);https://drive.google.com/file/d/1qKZI5iOwuDVmvbIM5Z_6H4fl6rS2P_Ax/view?usp=drive_link
Bs. As.;La Plata;UNLP;Facultad de Artes;Profesorado en Música Orientación Dirección Coral;Académica con menciones a lo popular;2006 (mod 2023);https://drive.google.com/file/d/1qKZI5iOwuDVmvbIM5Z_6H4fl6rS2P_Ax/view?usp=drive_link
Bs. As.;La Plata;UNLP;Facultad de Artes;Licenciatura en Música Orientación Dirección Orquestal;Académica con menciones a lo popular;2006 (mod 2023);https://drive.google.com/file/d/1UJfGk44DLvJ98_TXIaP7E_n35-J-Ji6l/view?usp=drive_link
Bs. As.;La Plata;UNLP;Facultad de Artes;Profesorado en Música Orientación Dirección Orquestal;Académica con menciones a lo popular;2006 (mod 2023);https://drive.google.com/file/d/1UJfGk44DLvJ98_TXIaP7E_n35-J-Ji6l/view?usp=drive_link
Bs. As.;La Plata;UNLP;Facultad de Artes;Licenciatura en Música Orientación en Educación Musical;Académica con menciones a lo popular;2006 (mod 2023);https://drive.google.com/file/d/1zovTCRyw-MMndWIe-qQkjRlUnoUS6s78/view?usp=drive_link
Bs. As.;La Plata;UNLP;Facultad de Artes;Profesorado en Música Orientación en Educación Musical;Académica con menciones a lo popular;2006 (mod 2023); https://drive.google.com/file/d/1zovTCRyw-MMndWIe-qQkjRlUnoUS6s78/view?usp=drive_link
Bs. As.;La Plata;UNLP;Facultad de Artes;Licenciatura en Música Orientación en Guitarra;Académica con menciones a lo popular;2006 (mod 2023);https://drive.google.com/file/d/1vc_migJ6og5y3I4-HvQEgxlb0E91iy-V/view?usp=drive_link
Bs. As.;La Plata;UNLP;Facultad de Artes;Profesorado en Música Orientación en Guitarra;Académica con menciones a lo popular;2006 (mod 2023);https://drive.google.com/file/d/1vc_migJ6og5y3I4-HvQEgxlb0E91iy-V/view?usp=drive_link
Bs. As.;La Plata;UNLP;Facultad de Artes;Licenciatura en Música Orientación en Música Popular;Popular;2008 (mod 2023); https://drive.google.com/file/d/1d3RbA_Yh50cLv9pulArCftBacqD254N6/view?usp=drive_link
Bs. As.;La Plata;UNLP;Facultad de Artes;Profesorado en Música Orientación en Música Popular;Popular;2008 (mod 2023);https://drive.google.com/file/d/1d3RbA_Yh50cLv9pulArCftBacqD254N6/view?usp=drive_link
Bs. As.;La Plata;UNLP;Facultad de Artes;Licenciatura en Música Orientación en Piano;Académica con menciones a lo popular;2006 (mod 2023);https://drive.google.com/file/d/1POlU0QdHvDvh5rKY8rLIcwoiQ3kHPePH/view?usp=drive_link
Bs. As.;La Plata;UNLP;Facultad de Artes;Profesorado en Música Orientación en Piano;Académica con menciones a lo popular;2006 (mod 2023);https://drive.google.com/file/d/1POlU0QdHvDvh5rKY8rLIcwoiQ3kHPePH/view?usp=drive_link
